species,prior,delta,posterior
acanthis_flammea,0.804730676923583,0.05401907526969851,0.8587497521932815
acrocephalus_dumetorum,0.831896544796121,0.029937267175177307,0.8618338119712983
acrocephalus_schoenobaenus,0.5906952737476412,0.266279973117413,0.8569752468650542
actitis_hypoleucos,0.5887205917774245,0.20562059338857652,0.794341185166001
aegithalos_caudatus,0.6196231704409888,0.06783794772444018,0.687461118165429
alauda_arvensis,0.8170864991290518,0.05170638509463199,0.8687928842236838
anthus_trivialis,0.7726427642376894,0.05212495922059179,0.8247677234582812
apus_apus,0.8881839642961589,0.026268732887812063,0.9144526971839709
bombycilla_garrulus,0.7097129607684323,0.04383673643185171,0.753549697200284
branta_canadensis,0.5284478784099146,0.2333854557769709,0.7618333341868855
branta_leucopsis,0.6583527265179295,0.15313207861989475,0.8114848051378243
bucephala_clangula,0.6736808186399427,0.05608064251126654,0.7297614611512092
buteo_buteo,0.546391968839966,0.014064915218619412,0.5604568840585854
carduelis_carduelis,0.6954361472706336,0.040894329738693114,0.7363304770093267
carpodacus_erythrinus,0.819896679081944,0.06863477000519225,0.8885314490871362
certhia_familiaris,0.6588801680527351,0.01955383048197601,0.6784339985347111
chloris_chloris,0.7078772392197651,0.014091283802956767,0.7219685230227219
chroicocephalus_ridibundus,0.6112845596157734,0.18369591390872542,0.7949804735244989
columba_palumbus,0.709748664735502,0.024436375678592137,0.7341850404140942
corvus_corax,0.7017472183083745,0.038005732160868,0.7397529504692425
corvus_cornix,0.6732941209659197,0.026904010629153374,0.700198131595073
corvus_monedula,0.7299015750952894,0.04002632761510905,0.7699279027103985
crex_crex,0.7560407644511168,0.07369485116424934,0.8297356156153661
cuculus_canorus,0.8420883148979594,0.031605490566581906,0.8736938054645413
cyanistes_caeruleus,0.7089712118744925,0.011534833539166178,0.7205060454136587
cygnus_cygnus,0.6394858578068056,0.03922740776115152,0.6787132655679571
delichon_urbicum,0.7376914926500673,0.12754914993532007,0.8652406425853874
dendrocopos_major,0.6626611938694907,0.011177379801776022,0.6738385736712668
dryocopus_martius,0.577042159470544,0.04507025710537704,0.6221124165759211
emberiza_citrinella,0.6666524869405706,0.07140629096834439,0.7380587779089149
emberiza_schoeniclus,0.7206731486068229,0.0827366731526018,0.8034098217594247
erithacus_rubecula,0.6273701619420203,0.08065698581893799,0.7080271477609583
falco_subbuteo,0.4707067449384883,0.19930295202128345,0.6700096969597718
falco_tinnunculus,0.5948426905930452,0.0969675122330248,0.69181020282607
ficedula_hypoleuca,0.8131113042098275,0.04788335707414837,0.8609946612839758
fringilla_coelebs,0.7503248267881346,0.012582325545115403,0.76290715233325
fringilla_montifringilla,0.7775425885190212,0.026906295719638873,0.8044488842386601
gallinago_gallinago,0.7520761752225095,0.08115987740730124,0.8332360526298107
garrulus_glandarius,0.7051724178236363,0.046751749441958146,0.7519241672655944
gavia_arctica,0.7884881241611356,0.04426207965039386,0.8327502038115294
grus_grus,0.587319910072646,0.06430439878728911,0.651624308859935
haematopus_ostralegus,0.6586544123518817,0.15107040417089201,0.8097248165227737
hippolais_icterina,0.8189103614875376,0.06644197597761647,0.8853523374651541
hirundo_rustica,0.7178877661553587,0.07214031130168141,0.7900280774570401
jynx_torquilla,0.7918168632766737,0.10599212549659631,0.89780898877327
larus_argentatus,0.46563019098721947,0.10671364176451381,0.5723438327517333
larus_canus,0.68539115088655,0.08821597247432578,0.7736071233608758
linaria_cannabina,0.6815315276760237,0.026883417550439104,0.7084149452264628
lophophanes_cristatus,0.67038518776296,0.03610276032463022,0.7064879480875902
loxia_curvirostra,0.6510892694332614,0.014999754615775074,0.6660890240490365
luscinia_luscinia,0.8325839729700116,0.07059677782330487,0.9031807507933165
motacilla_alba,0.6126817248423448,0.029934032642384922,0.6426157574847298
muscicapa_striata,0.7834185809889718,0.05067703935238976,0.8340956203413615
numenius_arquata,0.7666675035018506,0.04954983416446457,0.8162173376663152
parus_major,0.7284476578257411,0.004587213190308415,0.7330348710160495
passer_domesticus,0.7805996137322648,0.042395276386963054,0.8229948901192279
passer_montanus,0.7414364622139092,0.010059617083997052,0.7514960792979063
periparus_ater,0.6763766843930493,0.038610763775485446,0.7149874481685348
phasianus_colchicus,0.7439010526144554,0.12130573378388265,0.865206786398338
phoenicurus_phoenicurus,0.7711525340186787,0.03223237262578005,0.8033849066444587
phylloscopus_collybita,0.6907927032123331,0.07315682814866531,0.7639495313609984
phylloscopus_sibilatrix,0.8243562301702088,0.011620910676734875,0.8359771408469436
phylloscopus_trochilus,0.8053545725368961,0.031226331202944935,0.8365809037398411
pica_pica,0.6686700821254999,0.0045470902603740315,0.673217172385874
picus_canus,0.6353079681248807,0.09160709622610408,0.7269150643509847
poecile_montanus,0.7265970470205663,0.022593388233225764,0.749190435253792
prunella_modularis,0.5523160313679409,0.1538018926065562,0.7061179239744971
pyrrhula_pyrrhula,0.5750520940618563,0.02075188118326987,0.5958039752451262
regulus_regulus,0.65484343423534,-0.006089131220290422,0.6487543030150495
saxicola_rubetra,0.8573544493687659,0.006197437382879589,0.8635518867516455
scolopax_rusticola,0.8793566483935724,0.017314009922349993,0.8966706583159224
spinus_spinus,0.7283451496072658,0.01581027798692547,0.7441554275941913
sterna_hirundo,0.6882207407679507,0.07756316170053523,0.7657839024684859
sterna_paradisaea,0.7411201325852248,0.12661258436501355,0.8677327169502383
strix_aluco,0.6970404131207771,0.0707077095302624,0.7677481226510395
sturnus_vulgaris,0.6993827126024182,0.0434218555639182,0.7428045681663364
sylvia_atricapilla,0.778045855060173,0.0562477896333331,0.8342936446935061
sylvia_borin,0.8300986945641137,0.039120802890260875,0.8692194974543745
sylvia_communis,0.8079497664182592,0.04777021981174134,0.8557199862300006
sylvia_curruca,0.7429070916154068,0.0353181376283509,0.7782252292437577
tringa_glareola,0.6721672938015293,0.12594193127041775,0.798109225071947
tringa_nebularia,0.6617380413738572,0.131500946118272,0.7932389874921292
tringa_ochropus,0.6779511148384423,0.03985694910709414,0.7178080639455364
troglodytes_troglodytes,0.7717752249270439,0.0026319379654806685,0.7744071628925245
turdus_iliacus,0.7080323055059465,0.06562203947049439,0.7736543449764409
turdus_merula,0.6897487955291837,0.07600658469735933,0.765755380226543
turdus_philomelos,0.6212987005409356,0.09242174421938487,0.7137204447603205
turdus_pilaris,0.7479753004957085,0.01961556200181913,0.7675908624975276
vanellus_vanellus,0.7330542811851053,0.035277533548882745,0.768331814733988
